city,quarter,labour_income_real
Aracaju (SE),2012Q1,3908.0
Aracaju (SE),2012Q2,3835.0
Aracaju (SE),2012Q3,3668.0
Aracaju (SE),2012Q4,3821.0
Aracaju (SE),2013Q1,4145.0
Aracaju (SE),2013Q2,4082.0
Aracaju (SE),2013Q3,4144.0
Aracaju (SE),2013Q4,4233.0
Aracaju (SE),2014Q1,4700.0
Aracaju (SE),2014Q2,5102.0
Aracaju (SE),2014Q3,4754.0
Aracaju (SE),2014Q4,4625.0
Aracaju (SE),2015Q1,4220.0
Aracaju (SE),2015Q2,4135.0
Aracaju (SE),2015Q3,4227.0
Aracaju (SE),2015Q4,3940.0
Aracaju (SE),2016Q1,4069.0
Aracaju (SE),2016Q2,4629.0
Aracaju (SE),2016Q3,4286.0
Aracaju (SE),2016Q4,4469.0
Aracaju (SE),2017Q1,4471.0
Aracaju (SE),2017Q2,4134.0
Aracaju (SE),2017Q3,3917.0
Aracaju (SE),2017Q4,3629.0
Aracaju (SE),2018Q1,3951.0
Aracaju (SE),2018Q2,3794.0
Aracaju (SE),2018Q3,3860.0
Aracaju (SE),2018Q4,3895.0
Aracaju (SE),2019Q1,3863.0
Aracaju (SE),2019Q2,3511.0
Aracaju (SE),2019Q3,3526.0
Aracaju (SE),2019Q4,3486.0
Aracaju (SE),2020Q1,3653.0
Aracaju (SE),2022Q2,3494.0
Aracaju (SE),2022Q3,3551.0
Aracaju (SE),2022Q4,3718.0
Aracaju (SE),2023Q1,3895.0
Aracaju (SE),2023Q2,3903.0
Aracaju (SE),2023Q3,3604.0
Aracaju (SE),2023Q4,3540.0
Aracaju (SE),2024Q1,3610.0
Aracaju (SE),2024Q2,3677.0
Aracaju (SE),2024Q3,3665.0
Aracaju (SE),2024Q4,4088.0
Aracaju (SE),2025Q1,4080.0
Aracaju (SE),2025Q2,4038.0
Aracaju (SE),2025Q3,4722.0
Aracaju (SE),2025Q4,4469.0
Aracaju (SE),2026Q1,4747.0
Belo Horizonte (MG),2012Q1,4782.0
Belo Horizonte (MG),2012Q2,4626.0
Belo Horizonte (MG),2012Q3,4920.0
Belo Horizonte (MG),2012Q4,4637.0
Belo Horizonte (MG),2013Q1,4750.0
Belo Horizonte (MG),2013Q2,4728.0
Belo Horizonte (MG),2013Q3,4826.0
Belo Horizonte (MG),2013Q4,4977.0
Belo Horizonte (MG),2014Q1,4709.0
Belo Horizonte (MG),2014Q2,4718.0
Belo Horizonte (MG),2014Q3,4850.0
Belo Horizonte (MG),2014Q4,4714.0
Belo Horizonte (MG),2015Q1,4632.0
Belo Horizonte (MG),2015Q2,4680.0
Belo Horizonte (MG),2015Q3,4785.0
Belo Horizonte (MG),2015Q4,4672.0
Belo Horizonte (MG),2016Q1,4604.0
Belo Horizonte (MG),2016Q2,4416.0
Belo Horizonte (MG),2016Q3,4345.0
Belo Horizonte (MG),2016Q4,4458.0
Belo Horizonte (MG),2017Q1,4270.0
Belo Horizonte (MG),2017Q2,4249.0
Belo Horizonte (MG),2017Q3,4490.0
Belo Horizonte (MG),2017Q4,4570.0
Belo Horizonte (MG),2018Q1,4592.0
Belo Horizonte (MG),2018Q2,4599.0
Belo Horizonte (MG),2018Q3,4522.0
Belo Horizonte (MG),2018Q4,4485.0
Belo Horizonte (MG),2019Q1,4312.0
Belo Horizonte (MG),2019Q2,4588.0
Belo Horizonte (MG),2019Q3,4431.0
Belo Horizonte (MG),2019Q4,4363.0
Belo Horizonte (MG),2020Q1,4323.0
Belo Horizonte (MG),2022Q2,4286.0
Belo Horizonte (MG),2022Q3,4472.0
Belo Horizonte (MG),2022Q4,4565.0
Belo Horizonte (MG),2023Q1,4707.0
Belo Horizonte (MG),2023Q2,4774.0
Belo Horizonte (MG),2023Q3,4941.0
Belo Horizonte (MG),2023Q4,4948.0
Belo Horizonte (MG),2024Q1,4932.0
Belo Horizonte (MG),2024Q2,4843.0
Belo Horizonte (MG),2024Q3,4603.0
Belo Horizonte (MG),2024Q4,4604.0
Belo Horizonte (MG),2025Q1,4656.0
Belo Horizonte (MG),2025Q2,4579.0
Belo Horizonte (MG),2025Q3,5022.0
Belo Horizonte (MG),2025Q4,5264.0
Belo Horizonte (MG),2026Q1,5305.0
Belém (PA),2012Q1,2617.0
Belém (PA),2012Q2,2646.0
Belém (PA),2012Q3,2670.0
Belém (PA),2012Q4,2610.0
Belém (PA),2013Q1,2684.0
Belém (PA),2013Q2,2909.0
Belém (PA),2013Q3,2982.0
Belém (PA),2013Q4,2803.0
Belém (PA),2014Q1,2931.0
Belém (PA),2014Q2,2795.0
Belém (PA),2014Q3,2752.0
Belém (PA),2014Q4,2713.0
Belém (PA),2015Q1,2626.0
Belém (PA),2015Q2,2457.0
Belém (PA),2015Q3,2617.0
Belém (PA),2015Q4,2515.0
Belém (PA),2016Q1,2653.0
Belém (PA),2016Q2,2760.0
Belém (PA),2016Q3,2853.0
Belém (PA),2016Q4,2667.0
Belém (PA),2017Q1,2796.0
Belém (PA),2017Q2,2760.0
Belém (PA),2017Q3,3136.0
Belém (PA),2017Q4,3091.0
Belém (PA),2018Q1,3546.0
Belém (PA),2018Q2,3545.0
Belém (PA),2018Q3,3598.0
Belém (PA),2018Q4,3641.0
Belém (PA),2019Q1,3582.0
Belém (PA),2019Q2,3428.0
Belém (PA),2019Q3,3430.0
Belém (PA),2019Q4,3648.0
Belém (PA),2020Q1,3568.0
Belém (PA),2022Q2,3476.0
Belém (PA),2022Q3,3561.0
Belém (PA),2022Q4,3794.0
Belém (PA),2023Q1,3476.0
Belém (PA),2023Q2,3705.0
Belém (PA),2023Q3,3518.0
Belém (PA),2023Q4,3931.0
Belém (PA),2024Q1,3903.0
Belém (PA),2024Q2,3658.0
Belém (PA),2024Q3,3560.0
Belém (PA),2024Q4,3574.0
Belém (PA),2025Q1,3568.0
Belém (PA),2025Q2,3753.0
Belém (PA),2025Q3,3580.0
Belém (PA),2025Q4,3730.0
Belém (PA),2026Q1,3584.0
Boa Vista (RR),2012Q1,3521.0
Boa Vista (RR),2012Q2,3643.0
Boa Vista (RR),2012Q3,3693.0
Boa Vista (RR),2012Q4,3410.0
Boa Vista (RR),2013Q1,3813.0
Boa Vista (RR),2013Q2,3794.0
Boa Vista (RR),2013Q3,3901.0
Boa Vista (RR),2013Q4,3601.0
Boa Vista (RR),2014Q1,3708.0
Boa Vista (RR),2014Q2,3593.0
Boa Vista (RR),2014Q3,3681.0
Boa Vista (RR),2014Q4,3645.0
Boa Vista (RR),2015Q1,4093.0
Boa Vista (RR),2015Q2,3563.0
Boa Vista (RR),2015Q3,3408.0
Boa Vista (RR),2015Q4,3192.0
Boa Vista (RR),2016Q1,3436.0
Boa Vista (RR),2016Q2,3447.0
Boa Vista (RR),2016Q3,3474.0
Boa Vista (RR),2016Q4,3441.0
Boa Vista (RR),2017Q1,3515.0
Boa Vista (RR),2017Q2,3332.0
Boa Vista (RR),2017Q3,3378.0
Boa Vista (RR),2017Q4,3466.0
Boa Vista (RR),2018Q1,3624.0
Boa Vista (RR),2018Q2,3425.0
Boa Vista (RR),2018Q3,3456.0
Boa Vista (RR),2018Q4,3411.0
Boa Vista (RR),2019Q1,3470.0
Boa Vista (RR),2019Q2,3638.0
Boa Vista (RR),2019Q3,3663.0
Boa Vista (RR),2019Q4,3358.0
Boa Vista (RR),2020Q1,3431.0
Boa Vista (RR),2022Q2,2969.0
Boa Vista (RR),2022Q3,2819.0
Boa Vista (RR),2022Q4,3229.0
Boa Vista (RR),2023Q1,3224.0
Boa Vista (RR),2023Q2,3284.0
Boa Vista (RR),2023Q3,3403.0
Boa Vista (RR),2023Q4,3187.0
Boa Vista (RR),2024Q1,3268.0
Boa Vista (RR),2024Q2,3155.0
Boa Vista (RR),2024Q3,3022.0
Boa Vista (RR),2024Q4,3394.0
Boa Vista (RR),2025Q1,3491.0
Boa Vista (RR),2025Q2,3570.0
Boa Vista (RR),2025Q3,3644.0
Boa Vista (RR),2025Q4,3569.0
Boa Vista (RR),2026Q1,3657.0
Brasília (DF),2012Q1,6046.0
Brasília (DF),2012Q2,6039.0
Brasília (DF),2012Q3,5959.0
Brasília (DF),2012Q4,6119.0
Brasília (DF),2013Q1,6003.0
Brasília (DF),2013Q2,6148.0
Brasília (DF),2013Q3,5925.0
Brasília (DF),2013Q4,6152.0
Brasília (DF),2014Q1,5729.0
Brasília (DF),2014Q2,5651.0
Brasília (DF),2014Q3,5537.0
Brasília (DF),2014Q4,5694.0
Brasília (DF),2015Q1,5858.0
Brasília (DF),2015Q2,6009.0
Brasília (DF),2015Q3,5852.0
Brasília (DF),2015Q4,5872.0
Brasília (DF),2016Q1,5714.0
Brasília (DF),2016Q2,5760.0
Brasília (DF),2016Q3,5720.0
Brasília (DF),2016Q4,5586.0
Brasília (DF),2017Q1,5415.0
Brasília (DF),2017Q2,5617.0
Brasília (DF),2017Q3,5587.0
Brasília (DF),2017Q4,5798.0
Brasília (DF),2018Q1,5961.0
Brasília (DF),2018Q2,5700.0
Brasília (DF),2018Q3,5613.0
Brasília (DF),2018Q4,5791.0
Brasília (DF),2019Q1,5827.0
Brasília (DF),2019Q2,5552.0
Brasília (DF),2019Q3,5456.0
Brasília (DF),2019Q4,5660.0
Brasília (DF),2020Q1,5422.0
Brasília (DF),2022Q2,5236.0
Brasília (DF),2022Q3,5673.0
Brasília (DF),2022Q4,5549.0
Brasília (DF),2023Q1,5561.0
Brasília (DF),2023Q2,5445.0
Brasília (DF),2023Q3,5523.0
Brasília (DF),2023Q4,5632.0
Brasília (DF),2024Q1,5536.0
Brasília (DF),2024Q2,5568.0
Brasília (DF),2024Q3,5785.0
Brasília (DF),2024Q4,5729.0
Brasília (DF),2025Q1,5767.0
Brasília (DF),2025Q2,6082.0
Brasília (DF),2025Q3,6278.0
Brasília (DF),2025Q4,6304.0
Brasília (DF),2026Q1,6720.0
Campo Grande (MS),2012Q1,3684.0
Campo Grande (MS),2012Q2,3471.0
Campo Grande (MS),2012Q3,3475.0
Campo Grande (MS),2012Q4,3716.0
Campo Grande (MS),2013Q1,3570.0
Campo Grande (MS),2013Q2,3523.0
Campo Grande (MS),2013Q3,3560.0
Campo Grande (MS),2013Q4,3651.0
Campo Grande (MS),2014Q1,3587.0
Campo Grande (MS),2014Q2,3791.0
Campo Grande (MS),2014Q3,3977.0
Campo Grande (MS),2014Q4,3952.0
Campo Grande (MS),2015Q1,3828.0
Campo Grande (MS),2015Q2,3728.0
Campo Grande (MS),2015Q3,3438.0
Campo Grande (MS),2015Q4,3421.0
Campo Grande (MS),2016Q1,3489.0
Campo Grande (MS),2016Q2,3491.0
Campo Grande (MS),2016Q3,3820.0
Campo Grande (MS),2016Q4,3931.0
Campo Grande (MS),2017Q1,3824.0
Campo Grande (MS),2017Q2,3898.0
Campo Grande (MS),2017Q3,3862.0
Campo Grande (MS),2017Q4,3792.0
Campo Grande (MS),2018Q1,3808.0
Campo Grande (MS),2018Q2,4047.0
Campo Grande (MS),2018Q3,4073.0
Campo Grande (MS),2018Q4,4038.0
Campo Grande (MS),2019Q1,4178.0
Campo Grande (MS),2019Q2,3975.0
Campo Grande (MS),2019Q3,3759.0
Campo Grande (MS),2019Q4,3884.0
Campo Grande (MS),2020Q1,3609.0
Campo Grande (MS),2022Q2,3881.0
Campo Grande (MS),2022Q3,3970.0
Campo Grande (MS),2022Q4,4440.0
Campo Grande (MS),2023Q1,4325.0
Campo Grande (MS),2023Q2,4237.0
Campo Grande (MS),2023Q3,4366.0
Campo Grande (MS),2023Q4,3950.0
Campo Grande (MS),2024Q1,3806.0
Campo Grande (MS),2024Q2,4063.0
Campo Grande (MS),2024Q3,4142.0
Campo Grande (MS),2024Q4,4270.0
Campo Grande (MS),2025Q1,4330.0
Campo Grande (MS),2025Q2,4239.0
Campo Grande (MS),2025Q3,4195.0
Campo Grande (MS),2025Q4,4156.0
Campo Grande (MS),2026Q1,4304.0
Cuiabá (MT),2012Q1,4410.0
Cuiabá (MT),2012Q2,4079.0
Cuiabá (MT),2012Q3,4211.0
Cuiabá (MT),2012Q4,3977.0
Cuiabá (MT),2013Q1,3810.0
Cuiabá (MT),2013Q2,4025.0
Cuiabá (MT),2013Q3,3836.0
Cuiabá (MT),2013Q4,4021.0
Cuiabá (MT),2014Q1,3829.0
Cuiabá (MT),2014Q2,4122.0
Cuiabá (MT),2014Q3,3853.0
Cuiabá (MT),2014Q4,3892.0
Cuiabá (MT),2015Q1,4018.0
Cuiabá (MT),2015Q2,3892.0
Cuiabá (MT),2015Q3,3739.0
Cuiabá (MT),2015Q4,3746.0
Cuiabá (MT),2016Q1,3753.0
Cuiabá (MT),2016Q2,3597.0
Cuiabá (MT),2016Q3,3833.0
Cuiabá (MT),2016Q4,3651.0
Cuiabá (MT),2017Q1,4080.0
Cuiabá (MT),2017Q2,3825.0
Cuiabá (MT),2017Q3,4122.0
Cuiabá (MT),2017Q4,3701.0
Cuiabá (MT),2018Q1,3731.0
Cuiabá (MT),2018Q2,3796.0
Cuiabá (MT),2018Q3,4322.0
Cuiabá (MT),2018Q4,4215.0
Cuiabá (MT),2019Q1,4181.0
Cuiabá (MT),2019Q2,4303.0
Cuiabá (MT),2019Q3,4125.0
Cuiabá (MT),2019Q4,4197.0
Cuiabá (MT),2020Q1,4174.0
Cuiabá (MT),2022Q2,3420.0
Cuiabá (MT),2022Q3,3723.0
Cuiabá (MT),2022Q4,3737.0
Cuiabá (MT),2023Q1,3617.0
Cuiabá (MT),2023Q2,4014.0
Cuiabá (MT),2023Q3,4139.0
Cuiabá (MT),2023Q4,4067.0
Cuiabá (MT),2024Q1,4384.0
Cuiabá (MT),2024Q2,4683.0
Cuiabá (MT),2024Q3,4496.0
Cuiabá (MT),2024Q4,4191.0
Cuiabá (MT),2025Q1,4037.0
Cuiabá (MT),2025Q2,4046.0
Cuiabá (MT),2025Q3,4218.0
Cuiabá (MT),2025Q4,4346.0
Cuiabá (MT),2026Q1,4570.0
Curitiba (PR),2012Q1,5022.0
Curitiba (PR),2012Q2,4602.0
Curitiba (PR),2012Q3,5041.0
Curitiba (PR),2012Q4,4627.0
Curitiba (PR),2013Q1,4730.0
Curitiba (PR),2013Q2,4851.0
Curitiba (PR),2013Q3,5103.0
Curitiba (PR),2013Q4,4925.0
Curitiba (PR),2014Q1,4950.0
Curitiba (PR),2014Q2,4890.0
Curitiba (PR),2014Q3,5012.0
Curitiba (PR),2014Q4,5095.0
Curitiba (PR),2015Q1,5147.0
Curitiba (PR),2015Q2,4862.0
Curitiba (PR),2015Q3,4797.0
Curitiba (PR),2015Q4,4684.0
Curitiba (PR),2016Q1,4807.0
Curitiba (PR),2016Q2,4856.0
Curitiba (PR),2016Q3,5003.0
Curitiba (PR),2016Q4,5052.0
Curitiba (PR),2017Q1,5041.0
Curitiba (PR),2017Q2,4967.0
Curitiba (PR),2017Q3,5052.0
Curitiba (PR),2017Q4,5203.0
Curitiba (PR),2018Q1,5117.0
Curitiba (PR),2018Q2,5055.0
Curitiba (PR),2018Q3,5188.0
Curitiba (PR),2018Q4,5191.0
Curitiba (PR),2019Q1,5288.0
Curitiba (PR),2019Q2,5089.0
Curitiba (PR),2019Q3,5269.0
Curitiba (PR),2019Q4,5377.0
Curitiba (PR),2020Q1,5185.0
Curitiba (PR),2022Q2,5035.0
Curitiba (PR),2022Q3,4843.0
Curitiba (PR),2022Q4,4846.0
Curitiba (PR),2023Q1,4918.0
Curitiba (PR),2023Q2,4990.0
Curitiba (PR),2023Q3,5014.0
Curitiba (PR),2023Q4,5046.0
Curitiba (PR),2024Q1,5360.0
Curitiba (PR),2024Q2,5686.0
Curitiba (PR),2024Q3,5647.0
Curitiba (PR),2024Q4,6022.0
Curitiba (PR),2025Q1,5968.0
Curitiba (PR),2025Q2,6049.0
Curitiba (PR),2025Q3,6166.0
Curitiba (PR),2025Q4,6342.0
Curitiba (PR),2026Q1,6245.0
Florianópolis (SC),2012Q1,5385.0
Florianópolis (SC),2012Q2,4945.0
Florianópolis (SC),2012Q3,4975.0
Florianópolis (SC),2012Q4,4831.0
Florianópolis (SC),2013Q1,4515.0
Florianópolis (SC),2013Q2,4483.0
Florianópolis (SC),2013Q3,4900.0
Florianópolis (SC),2013Q4,5243.0
Florianópolis (SC),2014Q1,5128.0
Florianópolis (SC),2014Q2,4928.0
Florianópolis (SC),2014Q3,5284.0
Florianópolis (SC),2014Q4,5518.0
Florianópolis (SC),2015Q1,5028.0
Florianópolis (SC),2015Q2,4818.0
Florianópolis (SC),2015Q3,4882.0
Florianópolis (SC),2015Q4,4866.0
Florianópolis (SC),2016Q1,4609.0
Florianópolis (SC),2016Q2,4568.0
Florianópolis (SC),2016Q3,4855.0
Florianópolis (SC),2016Q4,4498.0
Florianópolis (SC),2017Q1,4730.0
Florianópolis (SC),2017Q2,5042.0
Florianópolis (SC),2017Q3,4672.0
Florianópolis (SC),2017Q4,4604.0
Florianópolis (SC),2018Q1,4795.0
Florianópolis (SC),2018Q2,4926.0
Florianópolis (SC),2018Q3,4821.0
Florianópolis (SC),2018Q4,5010.0
Florianópolis (SC),2019Q1,5073.0
Florianópolis (SC),2019Q2,5168.0
Florianópolis (SC),2019Q3,5143.0
Florianópolis (SC),2019Q4,5463.0
Florianópolis (SC),2020Q1,5467.0
Florianópolis (SC),2022Q2,5164.0
Florianópolis (SC),2022Q3,5621.0
Florianópolis (SC),2022Q4,5697.0
Florianópolis (SC),2023Q1,5988.0
Florianópolis (SC),2023Q2,5780.0
Florianópolis (SC),2023Q3,5853.0
Florianópolis (SC),2023Q4,6114.0
Florianópolis (SC),2024Q1,5739.0
Florianópolis (SC),2024Q2,6279.0
Florianópolis (SC),2024Q3,6557.0
Florianópolis (SC),2024Q4,6168.0
Florianópolis (SC),2025Q1,6800.0
Florianópolis (SC),2025Q2,6971.0
Florianópolis (SC),2025Q3,6919.0
Florianópolis (SC),2025Q4,7121.0
Florianópolis (SC),2026Q1,6890.0
Fortaleza (CE),2012Q1,3035.0
Fortaleza (CE),2012Q2,2978.0
Fortaleza (CE),2012Q3,2994.0
Fortaleza (CE),2012Q4,2944.0
Fortaleza (CE),2013Q1,3176.0
Fortaleza (CE),2013Q2,3256.0
Fortaleza (CE),2013Q3,3473.0
Fortaleza (CE),2013Q4,3171.0
Fortaleza (CE),2014Q1,3353.0
Fortaleza (CE),2014Q2,3147.0
Fortaleza (CE),2014Q3,3240.0
Fortaleza (CE),2014Q4,3041.0
Fortaleza (CE),2015Q1,3023.0
Fortaleza (CE),2015Q2,3140.0
Fortaleza (CE),2015Q3,3070.0
Fortaleza (CE),2015Q4,3041.0
Fortaleza (CE),2016Q1,3050.0
Fortaleza (CE),2016Q2,3125.0
Fortaleza (CE),2016Q3,2830.0
Fortaleza (CE),2016Q4,2997.0
Fortaleza (CE),2017Q1,3034.0
Fortaleza (CE),2017Q2,3049.0
Fortaleza (CE),2017Q3,3160.0
Fortaleza (CE),2017Q4,3285.0
Fortaleza (CE),2018Q1,3209.0
Fortaleza (CE),2018Q2,3358.0
Fortaleza (CE),2018Q3,3515.0
Fortaleza (CE),2018Q4,3438.0
Fortaleza (CE),2019Q1,3458.0
Fortaleza (CE),2019Q2,3572.0
Fortaleza (CE),2019Q3,3498.0
Fortaleza (CE),2019Q4,3609.0
Fortaleza (CE),2020Q1,3365.0
Fortaleza (CE),2022Q2,2835.0
Fortaleza (CE),2022Q3,3272.0
Fortaleza (CE),2022Q4,2936.0
Fortaleza (CE),2023Q1,3220.0
Fortaleza (CE),2023Q2,3181.0
Fortaleza (CE),2023Q3,3039.0
Fortaleza (CE),2023Q4,3238.0
Fortaleza (CE),2024Q1,3187.0
Fortaleza (CE),2024Q2,3475.0
Fortaleza (CE),2024Q3,3388.0
Fortaleza (CE),2024Q4,3330.0
Fortaleza (CE),2025Q1,3489.0
Fortaleza (CE),2025Q2,3445.0
Fortaleza (CE),2025Q3,3558.0
Fortaleza (CE),2025Q4,3600.0
Fortaleza (CE),2026Q1,3780.0
Goiânia (GO),2012Q1,4512.0
Goiânia (GO),2012Q2,4180.0
Goiânia (GO),2012Q3,4324.0
Goiânia (GO),2012Q4,4185.0
Goiânia (GO),2013Q1,4178.0
Goiânia (GO),2013Q2,4286.0
Goiânia (GO),2013Q3,4475.0
Goiânia (GO),2013Q4,4325.0
Goiânia (GO),2014Q1,4309.0
Goiânia (GO),2014Q2,4247.0
Goiânia (GO),2014Q3,4360.0
Goiânia (GO),2014Q4,4359.0
Goiânia (GO),2015Q1,4057.0
Goiânia (GO),2015Q2,4150.0
Goiânia (GO),2015Q3,4035.0
Goiânia (GO),2015Q4,3829.0
Goiânia (GO),2016Q1,4018.0
Goiânia (GO),2016Q2,4072.0
Goiânia (GO),2016Q3,4099.0
Goiânia (GO),2016Q4,4080.0
Goiânia (GO),2017Q1,4114.0
Goiânia (GO),2017Q2,4187.0
Goiânia (GO),2017Q3,4038.0
Goiânia (GO),2017Q4,4130.0
Goiânia (GO),2018Q1,3968.0
Goiânia (GO),2018Q2,3991.0
Goiânia (GO),2018Q3,3778.0
Goiânia (GO),2018Q4,3836.0
Goiânia (GO),2019Q1,3953.0
Goiânia (GO),2019Q2,3887.0
Goiânia (GO),2019Q3,3946.0
Goiânia (GO),2019Q4,3953.0
Goiânia (GO),2020Q1,3805.0
Goiânia (GO),2022Q2,4015.0
Goiânia (GO),2022Q3,4251.0
Goiânia (GO),2022Q4,4609.0
Goiânia (GO),2023Q1,4705.0
Goiânia (GO),2023Q2,4757.0
Goiânia (GO),2023Q3,4597.0
Goiânia (GO),2023Q4,4468.0
Goiânia (GO),2024Q1,4500.0
Goiânia (GO),2024Q2,4783.0
Goiânia (GO),2024Q3,4550.0
Goiânia (GO),2024Q4,4580.0
Goiânia (GO),2025Q1,4573.0
Goiânia (GO),2025Q2,4755.0
Goiânia (GO),2025Q3,4864.0
Goiânia (GO),2025Q4,5332.0
Goiânia (GO),2026Q1,5825.0
João Pessoa (PB),2012Q1,3445.0
João Pessoa (PB),2012Q2,3236.0
João Pessoa (PB),2012Q3,2965.0
João Pessoa (PB),2012Q4,3056.0
João Pessoa (PB),2013Q1,3178.0
João Pessoa (PB),2013Q2,3367.0
João Pessoa (PB),2013Q3,3562.0
João Pessoa (PB),2013Q4,3443.0
João Pessoa (PB),2014Q1,3684.0
João Pessoa (PB),2014Q2,3810.0
João Pessoa (PB),2014Q3,3809.0
João Pessoa (PB),2014Q4,3780.0
João Pessoa (PB),2015Q1,3811.0
João Pessoa (PB),2015Q2,3745.0
João Pessoa (PB),2015Q3,3889.0
João Pessoa (PB),2015Q4,3679.0
João Pessoa (PB),2016Q1,3515.0
João Pessoa (PB),2016Q2,3545.0
João Pessoa (PB),2016Q3,3985.0
João Pessoa (PB),2016Q4,4142.0
João Pessoa (PB),2017Q1,3915.0
João Pessoa (PB),2017Q2,3986.0
João Pessoa (PB),2017Q3,3923.0
João Pessoa (PB),2017Q4,3994.0
João Pessoa (PB),2018Q1,3649.0
João Pessoa (PB),2018Q2,3944.0
João Pessoa (PB),2018Q3,4099.0
João Pessoa (PB),2018Q4,4154.0
João Pessoa (PB),2019Q1,4370.0
João Pessoa (PB),2019Q2,4091.0
João Pessoa (PB),2019Q3,3844.0
João Pessoa (PB),2019Q4,3905.0
João Pessoa (PB),2020Q1,4151.0
João Pessoa (PB),2022Q2,3461.0
João Pessoa (PB),2022Q3,3765.0
João Pessoa (PB),2022Q4,4023.0
João Pessoa (PB),2023Q1,3925.0
João Pessoa (PB),2023Q2,3800.0
João Pessoa (PB),2023Q3,4410.0
João Pessoa (PB),2023Q4,4532.0
João Pessoa (PB),2024Q1,4271.0
João Pessoa (PB),2024Q2,4216.0
João Pessoa (PB),2024Q3,4535.0
João Pessoa (PB),2024Q4,4361.0
João Pessoa (PB),2025Q1,4371.0
João Pessoa (PB),2025Q2,4277.0
João Pessoa (PB),2025Q3,4556.0
João Pessoa (PB),2025Q4,4473.0
João Pessoa (PB),2026Q1,4415.0
Macapá (AP),2012Q1,2939.0
Macapá (AP),2012Q2,2987.0
Macapá (AP),2012Q3,2965.0
Macapá (AP),2012Q4,3147.0
Macapá (AP),2013Q1,2772.0
Macapá (AP),2013Q2,2895.0
Macapá (AP),2013Q3,3044.0
Macapá (AP),2013Q4,3294.0
Macapá (AP),2014Q1,3282.0
Macapá (AP),2014Q2,3201.0
Macapá (AP),2014Q3,3433.0
Macapá (AP),2014Q4,3408.0
Macapá (AP),2015Q1,3316.0
Macapá (AP),2015Q2,3116.0
Macapá (AP),2015Q3,3224.0
Macapá (AP),2015Q4,3404.0
Macapá (AP),2016Q1,3339.0
Macapá (AP),2016Q2,3672.0
Macapá (AP),2016Q3,3398.0
Macapá (AP),2016Q4,3485.0
Macapá (AP),2017Q1,3717.0
Macapá (AP),2017Q2,3846.0
Macapá (AP),2017Q3,3667.0
Macapá (AP),2017Q4,3206.0
Macapá (AP),2018Q1,3374.0
Macapá (AP),2018Q2,3163.0
Macapá (AP),2018Q3,2902.0
Macapá (AP),2018Q4,2887.0
Macapá (AP),2019Q1,2961.0
Macapá (AP),2019Q2,3029.0
Macapá (AP),2019Q3,2993.0
Macapá (AP),2019Q4,2974.0
Macapá (AP),2020Q1,2960.0
Macapá (AP),2022Q2,2931.0
Macapá (AP),2022Q3,3092.0
Macapá (AP),2022Q4,3258.0
Macapá (AP),2023Q1,3206.0
Macapá (AP),2023Q2,3196.0
Macapá (AP),2023Q3,3269.0
Macapá (AP),2023Q4,3396.0
Macapá (AP),2024Q1,3160.0
Macapá (AP),2024Q2,3452.0
Macapá (AP),2024Q3,3246.0
Macapá (AP),2024Q4,3271.0
Macapá (AP),2025Q1,3264.0
Macapá (AP),2025Q2,3329.0
Macapá (AP),2025Q3,3381.0
Macapá (AP),2025Q4,3693.0
Macapá (AP),2026Q1,3746.0
Maceió (AL),2012Q1,2626.0
Maceió (AL),2012Q2,2635.0
Maceió (AL),2012Q3,2653.0
Maceió (AL),2012Q4,2492.0
Maceió (AL),2013Q1,2636.0
Maceió (AL),2013Q2,2605.0
Maceió (AL),2013Q3,2734.0
Maceió (AL),2013Q4,2707.0
Maceió (AL),2014Q1,2947.0
Maceió (AL),2014Q2,2864.0
Maceió (AL),2014Q3,2810.0
Maceió (AL),2014Q4,3096.0
Maceió (AL),2015Q1,2957.0
Maceió (AL),2015Q2,2895.0
Maceió (AL),2015Q3,2914.0
Maceió (AL),2015Q4,2865.0
Maceió (AL),2016Q1,2764.0
Maceió (AL),2016Q2,2904.0
Maceió (AL),2016Q3,2667.0
Maceió (AL),2016Q4,2740.0
Maceió (AL),2017Q1,2661.0
Maceió (AL),2017Q2,2549.0
Maceió (AL),2017Q3,2543.0
Maceió (AL),2017Q4,2651.0
Maceió (AL),2018Q1,2626.0
Maceió (AL),2018Q2,2641.0
Maceió (AL),2018Q3,2580.0
Maceió (AL),2018Q4,3033.0
Maceió (AL),2019Q1,2942.0
Maceió (AL),2019Q2,3019.0
Maceió (AL),2019Q3,2810.0
Maceió (AL),2019Q4,2732.0
Maceió (AL),2020Q1,2678.0
Maceió (AL),2022Q2,2701.0
Maceió (AL),2022Q3,2767.0
Maceió (AL),2022Q4,2573.0
Maceió (AL),2023Q1,2813.0
Maceió (AL),2023Q2,2733.0
Maceió (AL),2023Q3,2658.0
Maceió (AL),2023Q4,2785.0
Maceió (AL),2024Q1,2889.0
Maceió (AL),2024Q2,2821.0
Maceió (AL),2024Q3,2910.0
Maceió (AL),2024Q4,3138.0
Maceió (AL),2025Q1,3211.0
Maceió (AL),2025Q2,3203.0
Maceió (AL),2025Q3,3212.0
Maceió (AL),2025Q4,3466.0
Maceió (AL),2026Q1,3292.0
Manaus (AM),2012Q1,3501.0
Manaus (AM),2012Q2,3540.0
Manaus (AM),2012Q3,3488.0
Manaus (AM),2012Q4,3390.0
Manaus (AM),2013Q1,3482.0
Manaus (AM),2013Q2,3388.0
Manaus (AM),2013Q3,3284.0
Manaus (AM),2013Q4,3467.0
Manaus (AM),2014Q1,3387.0
Manaus (AM),2014Q2,3454.0
Manaus (AM),2014Q3,3403.0
Manaus (AM),2014Q4,3326.0
Manaus (AM),2015Q1,3321.0
Manaus (AM),2015Q2,3268.0
Manaus (AM),2015Q3,3211.0
Manaus (AM),2015Q4,3283.0
Manaus (AM),2016Q1,3146.0
Manaus (AM),2016Q2,3157.0
Manaus (AM),2016Q3,2933.0
Manaus (AM),2016Q4,2899.0
Manaus (AM),2017Q1,3147.0
Manaus (AM),2017Q2,3323.0
Manaus (AM),2017Q3,3388.0
Manaus (AM),2017Q4,3625.0
Manaus (AM),2018Q1,3187.0
Manaus (AM),2018Q2,3126.0
Manaus (AM),2018Q3,3046.0
Manaus (AM),2018Q4,2924.0
Manaus (AM),2019Q1,3023.0
Manaus (AM),2019Q2,2916.0
Manaus (AM),2019Q3,3003.0
Manaus (AM),2019Q4,2902.0
Manaus (AM),2020Q1,2922.0
Manaus (AM),2022Q2,2796.0
Manaus (AM),2022Q3,2918.0
Manaus (AM),2022Q4,2951.0
Manaus (AM),2023Q1,2828.0
Manaus (AM),2023Q2,2909.0
Manaus (AM),2023Q3,2819.0
Manaus (AM),2023Q4,3025.0
Manaus (AM),2024Q1,2979.0
Manaus (AM),2024Q2,2900.0
Manaus (AM),2024Q3,2953.0
Manaus (AM),2024Q4,3060.0
Manaus (AM),2025Q1,3043.0
Manaus (AM),2025Q2,2896.0
Manaus (AM),2025Q3,3128.0
Manaus (AM),2025Q4,3236.0
Manaus (AM),2026Q1,3279.0
Natal (RN),2012Q1,2867.0
Natal (RN),2012Q2,2860.0
Natal (RN),2012Q3,2766.0
Natal (RN),2012Q4,2962.0
Natal (RN),2013Q1,3044.0
Natal (RN),2013Q2,3202.0
Natal (RN),2013Q3,3170.0
Natal (RN),2013Q4,3371.0
Natal (RN),2014Q1,3592.0
Natal (RN),2014Q2,3103.0
Natal (RN),2014Q3,3296.0
Natal (RN),2014Q4,3167.0
Natal (RN),2015Q1,3448.0
Natal (RN),2015Q2,3367.0
Natal (RN),2015Q3,3530.0
Natal (RN),2015Q4,3573.0
Natal (RN),2016Q1,3196.0
Natal (RN),2016Q2,3310.0
Natal (RN),2016Q3,3155.0
Natal (RN),2016Q4,3683.0
Natal (RN),2017Q1,3607.0
Natal (RN),2017Q2,3415.0
Natal (RN),2017Q3,3252.0
Natal (RN),2017Q4,3057.0
Natal (RN),2018Q1,3289.0
Natal (RN),2018Q2,3229.0
Natal (RN),2018Q3,2869.0
Natal (RN),2018Q4,3103.0
Natal (RN),2019Q1,3600.0
Natal (RN),2019Q2,3502.0
Natal (RN),2019Q3,3694.0
Natal (RN),2019Q4,3671.0
Natal (RN),2020Q1,3754.0
Natal (RN),2022Q2,3385.0
Natal (RN),2022Q3,3402.0
Natal (RN),2022Q4,3748.0
Natal (RN),2023Q1,3232.0
Natal (RN),2023Q2,3282.0
Natal (RN),2023Q3,3761.0
Natal (RN),2023Q4,4236.0
Natal (RN),2024Q1,4056.0
Natal (RN),2024Q2,4678.0
Natal (RN),2024Q3,4296.0
Natal (RN),2024Q4,4219.0
Natal (RN),2025Q1,4602.0
Natal (RN),2025Q2,4699.0
Natal (RN),2025Q3,4450.0
Natal (RN),2025Q4,4428.0
Natal (RN),2026Q1,4315.0
Palmas (TO),2012Q1,4085.0
Palmas (TO),2012Q2,4303.0
Palmas (TO),2012Q3,4301.0
Palmas (TO),2012Q4,4166.0
Palmas (TO),2013Q1,4232.0
Palmas (TO),2013Q2,4753.0
Palmas (TO),2013Q3,3672.0
Palmas (TO),2013Q4,3864.0
Palmas (TO),2014Q1,3766.0
Palmas (TO),2014Q2,3827.0
Palmas (TO),2014Q3,3423.0
Palmas (TO),2014Q4,3634.0
Palmas (TO),2015Q1,4048.0
Palmas (TO),2015Q2,3879.0
Palmas (TO),2015Q3,3951.0
Palmas (TO),2015Q4,3357.0
Palmas (TO),2016Q1,3692.0
Palmas (TO),2016Q2,3372.0
Palmas (TO),2016Q3,3149.0
Palmas (TO),2016Q4,3381.0
Palmas (TO),2017Q1,3339.0
Palmas (TO),2017Q2,3403.0
Palmas (TO),2017Q3,3134.0
Palmas (TO),2017Q4,3602.0
Palmas (TO),2018Q1,3708.0
Palmas (TO),2018Q2,4064.0
Palmas (TO),2018Q3,4213.0
Palmas (TO),2018Q4,3745.0
Palmas (TO),2019Q1,3886.0
Palmas (TO),2019Q2,3889.0
Palmas (TO),2019Q3,3857.0
Palmas (TO),2019Q4,4125.0
Palmas (TO),2020Q1,3676.0
Palmas (TO),2022Q2,3922.0
Palmas (TO),2022Q3,4297.0
Palmas (TO),2022Q4,4435.0
Palmas (TO),2023Q1,3867.0
Palmas (TO),2023Q2,4117.0
Palmas (TO),2023Q3,4485.0
Palmas (TO),2023Q4,4379.0
Palmas (TO),2024Q1,4192.0
Palmas (TO),2024Q2,4314.0
Palmas (TO),2024Q3,3886.0
Palmas (TO),2024Q4,4053.0
Palmas (TO),2025Q1,4394.0
Palmas (TO),2025Q2,4397.0
Palmas (TO),2025Q3,4294.0
Palmas (TO),2025Q4,5057.0
Palmas (TO),2026Q1,4720.0
Porto Alegre (RS),2012Q1,5382.0
Porto Alegre (RS),2012Q2,5367.0
Porto Alegre (RS),2012Q3,5626.0
Porto Alegre (RS),2012Q4,5486.0
Porto Alegre (RS),2013Q1,5547.0
Porto Alegre (RS),2013Q2,5625.0
Porto Alegre (RS),2013Q3,6160.0
Porto Alegre (RS),2013Q4,5935.0
Porto Alegre (RS),2014Q1,6260.0
Porto Alegre (RS),2014Q2,5619.0
Porto Alegre (RS),2014Q3,5273.0
Porto Alegre (RS),2014Q4,5464.0
Porto Alegre (RS),2015Q1,5151.0
Porto Alegre (RS),2015Q2,4653.0
Porto Alegre (RS),2015Q3,4811.0
Porto Alegre (RS),2015Q4,4879.0
Porto Alegre (RS),2016Q1,4995.0
Porto Alegre (RS),2016Q2,5331.0
Porto Alegre (RS),2016Q3,5421.0
Porto Alegre (RS),2016Q4,5487.0
Porto Alegre (RS),2017Q1,5300.0
Porto Alegre (RS),2017Q2,5434.0
Porto Alegre (RS),2017Q3,5671.0
Porto Alegre (RS),2017Q4,5665.0
Porto Alegre (RS),2018Q1,5561.0
Porto Alegre (RS),2018Q2,5713.0
Porto Alegre (RS),2018Q3,5597.0
Porto Alegre (RS),2018Q4,5787.0
Porto Alegre (RS),2019Q1,5916.0
Porto Alegre (RS),2019Q2,5847.0
Porto Alegre (RS),2019Q3,5672.0
Porto Alegre (RS),2019Q4,5825.0
Porto Alegre (RS),2020Q1,5620.0
Porto Alegre (RS),2022Q2,4565.0
Porto Alegre (RS),2022Q3,4855.0
Porto Alegre (RS),2022Q4,5422.0
Porto Alegre (RS),2023Q1,5296.0
Porto Alegre (RS),2023Q2,5239.0
Porto Alegre (RS),2023Q3,5512.0
Porto Alegre (RS),2023Q4,5714.0
Porto Alegre (RS),2024Q1,5616.0
Porto Alegre (RS),2024Q2,6085.0
Porto Alegre (RS),2024Q3,5787.0
Porto Alegre (RS),2024Q4,5846.0
Porto Alegre (RS),2025Q1,5717.0
Porto Alegre (RS),2025Q2,5723.0
Porto Alegre (RS),2025Q3,5948.0
Porto Alegre (RS),2025Q4,6390.0
Porto Alegre (RS),2026Q1,6490.0
Porto Velho (RO),2012Q1,3394.0
Porto Velho (RO),2012Q2,3283.0
Porto Velho (RO),2012Q3,3360.0
Porto Velho (RO),2012Q4,3002.0
Porto Velho (RO),2013Q1,3145.0
Porto Velho (RO),2013Q2,3064.0
Porto Velho (RO),2013Q3,3095.0
Porto Velho (RO),2013Q4,3114.0
Porto Velho (RO),2014Q1,3279.0
Porto Velho (RO),2014Q2,3392.0
Porto Velho (RO),2014Q3,3359.0
Porto Velho (RO),2014Q4,3285.0
Porto Velho (RO),2015Q1,3260.0
Porto Velho (RO),2015Q2,3112.0
Porto Velho (RO),2015Q3,3078.0
Porto Velho (RO),2015Q4,2868.0
Porto Velho (RO),2016Q1,2963.0
Porto Velho (RO),2016Q2,2898.0
Porto Velho (RO),2016Q3,2904.0
Porto Velho (RO),2016Q4,3141.0
Porto Velho (RO),2017Q1,2923.0
Porto Velho (RO),2017Q2,3162.0
Porto Velho (RO),2017Q3,3063.0
Porto Velho (RO),2017Q4,3268.0
Porto Velho (RO),2018Q1,3421.0
Porto Velho (RO),2018Q2,3317.0
Porto Velho (RO),2018Q3,3445.0
Porto Velho (RO),2018Q4,3327.0
Porto Velho (RO),2019Q1,3190.0
Porto Velho (RO),2019Q2,3137.0
Porto Velho (RO),2019Q3,3161.0
Porto Velho (RO),2019Q4,3333.0
Porto Velho (RO),2020Q1,3163.0
Porto Velho (RO),2022Q2,2715.0
Porto Velho (RO),2022Q3,2599.0
Porto Velho (RO),2022Q4,2847.0
Porto Velho (RO),2023Q1,2877.0
Porto Velho (RO),2023Q2,2838.0
Porto Velho (RO),2023Q3,3047.0
Porto Velho (RO),2023Q4,3038.0
Porto Velho (RO),2024Q1,3083.0
Porto Velho (RO),2024Q2,3444.0
Porto Velho (RO),2024Q3,3256.0
Porto Velho (RO),2024Q4,3257.0
Porto Velho (RO),2025Q1,3122.0
Porto Velho (RO),2025Q2,3456.0
Porto Velho (RO),2025Q3,3757.0
Porto Velho (RO),2025Q4,3880.0
Porto Velho (RO),2026Q1,4242.0
Recife (PE),2012Q1,4245.0
Recife (PE),2012Q2,4426.0
Recife (PE),2012Q3,4588.0
Recife (PE),2012Q4,4783.0
Recife (PE),2013Q1,4584.0
Recife (PE),2013Q2,4575.0
Recife (PE),2013Q3,4505.0
Recife (PE),2013Q4,4670.0
Recife (PE),2014Q1,4613.0
Recife (PE),2014Q2,4735.0
Recife (PE),2014Q3,4452.0
Recife (PE),2014Q4,4486.0
Recife (PE),2015Q1,4425.0
Recife (PE),2015Q2,4223.0
Recife (PE),2015Q3,4163.0
Recife (PE),2015Q4,4066.0
Recife (PE),2016Q1,4484.0
Recife (PE),2016Q2,4186.0
Recife (PE),2016Q3,4451.0
Recife (PE),2016Q4,4346.0
Recife (PE),2017Q1,4588.0
Recife (PE),2017Q2,4615.0
Recife (PE),2017Q3,4859.0
Recife (PE),2017Q4,4322.0
Recife (PE),2018Q1,4749.0
Recife (PE),2018Q2,4410.0
Recife (PE),2018Q3,4349.0
Recife (PE),2018Q4,4034.0
Recife (PE),2019Q1,4118.0
Recife (PE),2019Q2,4224.0
Recife (PE),2019Q3,3845.0
Recife (PE),2019Q4,3863.0
Recife (PE),2020Q1,3730.0
Recife (PE),2022Q2,2547.0
Recife (PE),2022Q3,2765.0
Recife (PE),2022Q4,3144.0
Recife (PE),2023Q1,3134.0
Recife (PE),2023Q2,3252.0
Recife (PE),2023Q3,3197.0
Recife (PE),2023Q4,3065.0
Recife (PE),2024Q1,2988.0
Recife (PE),2024Q2,3508.0
Recife (PE),2024Q3,3729.0
Recife (PE),2024Q4,4213.0
Recife (PE),2025Q1,4343.0
Recife (PE),2025Q2,4491.0
Recife (PE),2025Q3,4018.0
Recife (PE),2025Q4,4257.0
Recife (PE),2026Q1,4318.0
Rio Branco (AC),2012Q1,3622.0
Rio Branco (AC),2012Q2,3459.0
Rio Branco (AC),2012Q3,3377.0
Rio Branco (AC),2012Q4,3415.0
Rio Branco (AC),2013Q1,3246.0
Rio Branco (AC),2013Q2,3271.0
Rio Branco (AC),2013Q3,3420.0
Rio Branco (AC),2013Q4,3248.0
Rio Branco (AC),2014Q1,3186.0
Rio Branco (AC),2014Q2,3090.0
Rio Branco (AC),2014Q3,3035.0
Rio Branco (AC),2014Q4,3016.0
Rio Branco (AC),2015Q1,3322.0
Rio Branco (AC),2015Q2,3222.0
Rio Branco (AC),2015Q3,2938.0
Rio Branco (AC),2015Q4,3033.0
Rio Branco (AC),2016Q1,3021.0
Rio Branco (AC),2016Q2,3087.0
Rio Branco (AC),2016Q3,3019.0
Rio Branco (AC),2016Q4,3202.0
Rio Branco (AC),2017Q1,3195.0
Rio Branco (AC),2017Q2,3185.0
Rio Branco (AC),2017Q3,3153.0
Rio Branco (AC),2017Q4,3038.0
Rio Branco (AC),2018Q1,2827.0
Rio Branco (AC),2018Q2,2848.0
Rio Branco (AC),2018Q3,3020.0
Rio Branco (AC),2018Q4,3018.0
Rio Branco (AC),2019Q1,3094.0
Rio Branco (AC),2019Q2,3114.0
Rio Branco (AC),2019Q3,2991.0
Rio Branco (AC),2019Q4,3123.0
Rio Branco (AC),2020Q1,2946.0
Rio Branco (AC),2022Q2,3185.0
Rio Branco (AC),2022Q3,3101.0
Rio Branco (AC),2022Q4,3020.0
Rio Branco (AC),2023Q1,2979.0
Rio Branco (AC),2023Q2,3044.0
Rio Branco (AC),2023Q3,3027.0
Rio Branco (AC),2023Q4,2917.0
Rio Branco (AC),2024Q1,3077.0
Rio Branco (AC),2024Q2,3094.0
Rio Branco (AC),2024Q3,3096.0
Rio Branco (AC),2024Q4,3098.0
Rio Branco (AC),2025Q1,3193.0
Rio Branco (AC),2025Q2,2938.0
Rio Branco (AC),2025Q3,3260.0
Rio Branco (AC),2025Q4,3508.0
Rio Branco (AC),2026Q1,3336.0
Rio de Janeiro (RJ),2012Q1,4177.0
Rio de Janeiro (RJ),2012Q2,4202.0
Rio de Janeiro (RJ),2012Q3,3995.0
Rio de Janeiro (RJ),2012Q4,3927.0
Rio de Janeiro (RJ),2013Q1,4209.0
Rio de Janeiro (RJ),2013Q2,4195.0
Rio de Janeiro (RJ),2013Q3,4365.0
Rio de Janeiro (RJ),2013Q4,4427.0
Rio de Janeiro (RJ),2014Q1,4504.0
Rio de Janeiro (RJ),2014Q2,4455.0
Rio de Janeiro (RJ),2014Q3,4348.0
Rio de Janeiro (RJ),2014Q4,4356.0
Rio de Janeiro (RJ),2015Q1,4223.0
Rio de Janeiro (RJ),2015Q2,4364.0
Rio de Janeiro (RJ),2015Q3,4485.0
Rio de Janeiro (RJ),2015Q4,4361.0
Rio de Janeiro (RJ),2016Q1,4754.0
Rio de Janeiro (RJ),2016Q2,4805.0
Rio de Janeiro (RJ),2016Q3,4592.0
Rio de Janeiro (RJ),2016Q4,4580.0
Rio de Janeiro (RJ),2017Q1,4610.0
Rio de Janeiro (RJ),2017Q2,4220.0
Rio de Janeiro (RJ),2017Q3,4282.0
Rio de Janeiro (RJ),2017Q4,4243.0
Rio de Janeiro (RJ),2018Q1,4356.0
Rio de Janeiro (RJ),2018Q2,4709.0
Rio de Janeiro (RJ),2018Q3,4769.0
Rio de Janeiro (RJ),2018Q4,4826.0
Rio de Janeiro (RJ),2019Q1,5076.0
Rio de Janeiro (RJ),2019Q2,5011.0
Rio de Janeiro (RJ),2019Q3,5112.0
Rio de Janeiro (RJ),2019Q4,5234.0
Rio de Janeiro (RJ),2020Q1,5316.0
Rio de Janeiro (RJ),2022Q2,5087.0
Rio de Janeiro (RJ),2022Q3,5094.0
Rio de Janeiro (RJ),2022Q4,5345.0
Rio de Janeiro (RJ),2023Q1,5494.0
Rio de Janeiro (RJ),2023Q2,5385.0
Rio de Janeiro (RJ),2023Q3,5563.0
Rio de Janeiro (RJ),2023Q4,5481.0
Rio de Janeiro (RJ),2024Q1,5474.0
Rio de Janeiro (RJ),2024Q2,5418.0
Rio de Janeiro (RJ),2024Q3,5298.0
Rio de Janeiro (RJ),2024Q4,5309.0
Rio de Janeiro (RJ),2025Q1,5856.0
Rio de Janeiro (RJ),2025Q2,5997.0
Rio de Janeiro (RJ),2025Q3,5793.0
Rio de Janeiro (RJ),2025Q4,5732.0
Rio de Janeiro (RJ),2026Q1,5680.0
Salvador (BA),2012Q1,3542.0
Salvador (BA),2012Q2,3445.0
Salvador (BA),2012Q3,3348.0
Salvador (BA),2012Q4,3389.0
Salvador (BA),2013Q1,3349.0
Salvador (BA),2013Q2,3495.0
Salvador (BA),2013Q3,3252.0
Salvador (BA),2013Q4,3451.0
Salvador (BA),2014Q1,3481.0
Salvador (BA),2014Q2,3507.0
Salvador (BA),2014Q3,3681.0
Salvador (BA),2014Q4,3530.0
Salvador (BA),2015Q1,3693.0
Salvador (BA),2015Q2,3638.0
Salvador (BA),2015Q3,3524.0
Salvador (BA),2015Q4,3325.0
Salvador (BA),2016Q1,3546.0
Salvador (BA),2016Q2,3137.0
Salvador (BA),2016Q3,3150.0
Salvador (BA),2016Q4,3339.0
Salvador (BA),2017Q1,3299.0
Salvador (BA),2017Q2,3563.0
Salvador (BA),2017Q3,3101.0
Salvador (BA),2017Q4,3966.0
Salvador (BA),2018Q1,3778.0
Salvador (BA),2018Q2,3678.0
Salvador (BA),2018Q3,3757.0
Salvador (BA),2018Q4,3931.0
Salvador (BA),2019Q1,3575.0
Salvador (BA),2019Q2,3496.0
Salvador (BA),2019Q3,3526.0
Salvador (BA),2019Q4,3820.0
Salvador (BA),2020Q1,3888.0
Salvador (BA),2022Q2,3061.0
Salvador (BA),2022Q3,3017.0
Salvador (BA),2022Q4,3235.0
Salvador (BA),2023Q1,3387.0
Salvador (BA),2023Q2,2843.0
Salvador (BA),2023Q3,3324.0
Salvador (BA),2023Q4,3261.0
Salvador (BA),2024Q1,3236.0
Salvador (BA),2024Q2,3204.0
Salvador (BA),2024Q3,2943.0
Salvador (BA),2024Q4,3022.0
Salvador (BA),2025Q1,3127.0
Salvador (BA),2025Q2,3194.0
Salvador (BA),2025Q3,3317.0
Salvador (BA),2025Q4,3180.0
Salvador (BA),2026Q1,3568.0
São Luís (MA),2012Q1,2644.0
São Luís (MA),2012Q2,2786.0
São Luís (MA),2012Q3,2582.0
São Luís (MA),2012Q4,2520.0
São Luís (MA),2013Q1,2481.0
São Luís (MA),2013Q2,2470.0
São Luís (MA),2013Q3,2293.0
São Luís (MA),2013Q4,2025.0
São Luís (MA),2014Q1,2243.0
São Luís (MA),2014Q2,1790.0
São Luís (MA),2014Q3,1944.0
São Luís (MA),2014Q4,2263.0
São Luís (MA),2015Q1,2469.0
São Luís (MA),2015Q2,2351.0
São Luís (MA),2015Q3,2555.0
São Luís (MA),2015Q4,2643.0
São Luís (MA),2016Q1,2611.0
São Luís (MA),2016Q2,2606.0
São Luís (MA),2016Q3,2552.0
São Luís (MA),2016Q4,2702.0
São Luís (MA),2017Q1,2760.0
São Luís (MA),2017Q2,3080.0
São Luís (MA),2017Q3,3117.0
São Luís (MA),2017Q4,2792.0
São Luís (MA),2018Q1,2579.0
São Luís (MA),2018Q2,2777.0
São Luís (MA),2018Q3,2905.0
São Luís (MA),2018Q4,3072.0
São Luís (MA),2019Q1,3159.0
São Luís (MA),2019Q2,2552.0
São Luís (MA),2019Q3,2660.0
São Luís (MA),2019Q4,2583.0
São Luís (MA),2020Q1,2777.0
São Luís (MA),2022Q2,2832.0
São Luís (MA),2022Q3,2966.0
São Luís (MA),2022Q4,2949.0
São Luís (MA),2023Q1,3054.0
São Luís (MA),2023Q2,2959.0
São Luís (MA),2023Q3,2740.0
São Luís (MA),2023Q4,2612.0
São Luís (MA),2024Q1,2883.0
São Luís (MA),2024Q2,3394.0
São Luís (MA),2024Q3,3302.0
São Luís (MA),2024Q4,3230.0
São Luís (MA),2025Q1,3290.0
São Luís (MA),2025Q2,3333.0
São Luís (MA),2025Q3,3446.0
São Luís (MA),2025Q4,2997.0
São Luís (MA),2026Q1,3109.0
São Paulo (SP),2012Q1,4869.0
São Paulo (SP),2012Q2,4905.0
São Paulo (SP),2012Q3,4926.0
São Paulo (SP),2012Q4,4963.0
São Paulo (SP),2013Q1,4828.0
São Paulo (SP),2013Q2,5154.0
São Paulo (SP),2013Q3,5106.0
São Paulo (SP),2013Q4,4913.0
São Paulo (SP),2014Q1,5319.0
São Paulo (SP),2014Q2,5509.0
São Paulo (SP),2014Q3,5775.0
São Paulo (SP),2014Q4,5596.0
São Paulo (SP),2015Q1,5540.0
São Paulo (SP),2015Q2,5643.0
São Paulo (SP),2015Q3,5485.0
São Paulo (SP),2015Q4,5588.0
São Paulo (SP),2016Q1,5458.0
São Paulo (SP),2016Q2,5240.0
São Paulo (SP),2016Q3,5332.0
São Paulo (SP),2016Q4,5456.0
São Paulo (SP),2017Q1,5396.0
São Paulo (SP),2017Q2,5421.0
São Paulo (SP),2017Q3,5481.0
São Paulo (SP),2017Q4,5500.0
São Paulo (SP),2018Q1,5778.0
São Paulo (SP),2018Q2,5831.0
São Paulo (SP),2018Q3,5521.0
São Paulo (SP),2018Q4,5824.0
São Paulo (SP),2019Q1,5635.0
São Paulo (SP),2019Q2,5633.0
São Paulo (SP),2019Q3,5570.0
São Paulo (SP),2019Q4,5662.0
São Paulo (SP),2020Q1,5857.0
São Paulo (SP),2022Q2,5202.0
São Paulo (SP),2022Q3,5247.0
São Paulo (SP),2022Q4,5573.0
São Paulo (SP),2023Q1,5539.0
São Paulo (SP),2023Q2,5529.0
São Paulo (SP),2023Q3,5612.0
São Paulo (SP),2023Q4,5769.0
São Paulo (SP),2024Q1,5608.0
São Paulo (SP),2024Q2,5503.0
São Paulo (SP),2024Q3,5757.0
São Paulo (SP),2024Q4,5942.0
São Paulo (SP),2025Q1,5519.0
São Paulo (SP),2025Q2,5665.0
São Paulo (SP),2025Q3,5686.0
São Paulo (SP),2025Q4,5746.0
São Paulo (SP),2026Q1,5559.0
Teresina (PI),2012Q1,2782.0
Teresina (PI),2012Q2,2657.0
Teresina (PI),2012Q3,2652.0
Teresina (PI),2012Q4,2605.0
Teresina (PI),2013Q1,2685.0
Teresina (PI),2013Q2,2837.0
Teresina (PI),2013Q3,3280.0
Teresina (PI),2013Q4,3143.0
Teresina (PI),2014Q1,3131.0
Teresina (PI),2014Q2,3121.0
Teresina (PI),2014Q3,3075.0
Teresina (PI),2014Q4,2996.0
Teresina (PI),2015Q1,2997.0
Teresina (PI),2015Q2,2918.0
Teresina (PI),2015Q3,2941.0
Teresina (PI),2015Q4,3007.0
Teresina (PI),2016Q1,3102.0
Teresina (PI),2016Q2,2997.0
Teresina (PI),2016Q3,2851.0
Teresina (PI),2016Q4,2805.0
Teresina (PI),2017Q1,3077.0
Teresina (PI),2017Q2,2877.0
Teresina (PI),2017Q3,2722.0
Teresina (PI),2017Q4,2870.0
Teresina (PI),2018Q1,2702.0
Teresina (PI),2018Q2,2656.0
Teresina (PI),2018Q3,2668.0
Teresina (PI),2018Q4,2845.0
Teresina (PI),2019Q1,2852.0
Teresina (PI),2019Q2,2854.0
Teresina (PI),2019Q3,2720.0
Teresina (PI),2019Q4,2570.0
Teresina (PI),2020Q1,2799.0
Teresina (PI),2022Q2,2998.0
Teresina (PI),2022Q3,3545.0
Teresina (PI),2022Q4,3369.0
Teresina (PI),2023Q1,3728.0
Teresina (PI),2023Q2,3707.0
Teresina (PI),2023Q3,3810.0
Teresina (PI),2023Q4,3661.0
Teresina (PI),2024Q1,3905.0
Teresina (PI),2024Q2,4164.0
Teresina (PI),2024Q3,4030.0
Teresina (PI),2024Q4,4079.0
Teresina (PI),2025Q1,4043.0
Teresina (PI),2025Q2,3621.0
Teresina (PI),2025Q3,4114.0
Teresina (PI),2025Q4,4266.0
Teresina (PI),2026Q1,4169.0
Vitória (ES),2012Q1,5666.0
Vitória (ES),2012Q2,5855.0
Vitória (ES),2012Q3,5780.0
Vitória (ES),2012Q4,5684.0
Vitória (ES),2013Q1,5597.0
Vitória (ES),2013Q2,5893.0
Vitória (ES),2013Q3,5756.0
Vitória (ES),2013Q4,6535.0
Vitória (ES),2014Q1,6930.0
Vitória (ES),2014Q2,6251.0
Vitória (ES),2014Q3,6424.0
Vitória (ES),2014Q4,6386.0
Vitória (ES),2015Q1,5668.0
Vitória (ES),2015Q2,6081.0
Vitória (ES),2015Q3,6477.0
Vitória (ES),2015Q4,6633.0
Vitória (ES),2016Q1,6674.0
Vitória (ES),2016Q2,6571.0
Vitória (ES),2016Q3,6581.0
Vitória (ES),2016Q4,5716.0
Vitória (ES),2017Q1,6424.0
Vitória (ES),2017Q2,6481.0
Vitória (ES),2017Q3,6219.0
Vitória (ES),2017Q4,6301.0
Vitória (ES),2018Q1,6177.0
Vitória (ES),2018Q2,5990.0
Vitória (ES),2018Q3,6493.0
Vitória (ES),2018Q4,6570.0
Vitória (ES),2019Q1,6783.0
Vitória (ES),2019Q2,6620.0
Vitória (ES),2019Q3,6564.0
Vitória (ES),2019Q4,6297.0
Vitória (ES),2020Q1,6280.0
Vitória (ES),2022Q2,5063.0
Vitória (ES),2022Q3,5895.0
Vitória (ES),2022Q4,6046.0
Vitória (ES),2023Q1,5706.0
Vitória (ES),2023Q2,5622.0
Vitória (ES),2023Q3,5997.0
Vitória (ES),2023Q4,5499.0
Vitória (ES),2024Q1,6104.0
Vitória (ES),2024Q2,6757.0
Vitória (ES),2024Q3,6809.0
Vitória (ES),2024Q4,6731.0
Vitória (ES),2025Q1,6906.0
Vitória (ES),2025Q2,6939.0
Vitória (ES),2025Q3,5522.0
Vitória (ES),2025Q4,5772.0
Vitória (ES),2026Q1,5964.0
